SourcePath,RelativePath,Bytes,SHA256,AccessDate,Classification
C:\Users\brian\Documents\Blender\Creepy Building Myrtle Beach Highway\inputs\reference\Doors and Windows\81.75''+Fiberglass+Front+Entry+Doors-45346851-45346852.webp,Doors and Windows\81.75''+Fiberglass+Front+Entry+Doors-45346851-45346852.webp,9316,6FEF5E5B2B1D8EA2D2F3E1A8DCABEE4DFB883B627E9E47E8AC04F5BC3760B345,2026-09-04,Detail/product or unverified reference; not building evidence
C:\Users\brian\Documents\Blender\Creepy Building Myrtle Beach Highway\inputs\reference\Doors and Windows\Alcove Window Reference.jpg,Doors and Windows\Alcove Window Reference.jpg,74742,B0D2C210129F54406399E58C6CBFE9099A0524769E11FCB138339E98CB78848F,2026-09-04,Detail/product or unverified reference; not building evidence
C:\Users\brian\Documents\Blender\Creepy Building Myrtle Beach Highway\inputs\reference\Doors and Windows\Back Door Reference,Doors and Windows\Back Door Reference,9316,6FEF5E5B2B1D8EA2D2F3E1A8DCABEE4DFB883B627E9E47E8AC04F5BC3760B345,2026-09-04,Detail/product or unverified reference; not building evidence
C:\Users\brian\Documents\Blender\Creepy Building Myrtle Beach Highway\inputs\reference\Doors and Windows\back_door_reference.png,Doors and Windows\back_door_reference.png,44502,3AAF86D9E36EF311793EFE4ED546E5C69E07FE840C9CA6F83655A6B442019592,2026-09-04,Detail/product or unverified reference; not building evidence
C:\Users\brian\Documents\Blender\Creepy Building Myrtle Beach Highway\inputs\reference\Doors and Windows\french door reference 2.png,Doors and Windows\french door reference 2.png,34156,990790492F65F6DC705F2E822024D212856995E921157C5DEE33496FCC0C643E,2026-09-04,Detail/product or unverified reference; not building evidence
C:\Users\brian\Documents\Blender\Creepy Building Myrtle Beach Highway\inputs\reference\Doors and Windows\french door reference 2.webp,Doors and Windows\french door reference 2.webp,8042,7A4A86C88D46436E00BA82DC65D73E77226CCCECC04AC7BDD3C3DA28BF00AE48,2026-09-04,Detail/product or unverified reference; not building evidence
C:\Users\brian\Documents\Blender\Creepy Building Myrtle Beach Highway\inputs\reference\Doors and Windows\french door reference.png,Doors and Windows\french door reference.png,642509,F4468679F51FA8E7B4A723737B019174B32460904E1F90B4E28FE925EE89B5A9,2026-09-04,Detail/product or unverified reference; not building evidence
C:\Users\brian\Documents\Blender\Creepy Building Myrtle Beach Highway\inputs\reference\Doors and Windows\french door reference.webp,Doors and Windows\french door reference.webp,105500,CF415088DAC3DD82EFA51CC94920C3F994FA8C0735362D98FFC8B13BAC58CB38,2026-09-04,Detail/product or unverified reference; not building evidence
C:\Users\brian\Documents\Blender\Creepy Building Myrtle Beach Highway\inputs\reference\Doors and Windows\Front Facing Window Reference.png,Doors and Windows\Front Facing Window Reference.png,5826965,A0FCD48274B125552EB4FD01BB44D98A9807DE6E54E6EA13AE4B46C326529320,2026-09-04,Detail/product or unverified reference; not building evidence
C:\Users\brian\Documents\Blender\Creepy Building Myrtle Beach Highway\inputs\reference\exterior_generated\Back View.png,exterior_generated\Back View.png,5021379,3DAA257A9A733DE729D6425CCC1EF2DB01CEE3579DA7B6488FF270AB3FAD3D10,2026-09-04,Generated exterior concept; not evidence
C:\Users\brian\Documents\Blender\Creepy Building Myrtle Beach Highway\inputs\reference\exterior_generated\Birdseye View.png,exterior_generated\Birdseye View.png,2438839,822C152BEA0DCCBFF68FA2E96D00CD8821CDD6D1CA1545204589C7A1D142F2F3,2026-09-04,Generated exterior concept; not evidence
C:\Users\brian\Documents\Blender\Creepy Building Myrtle Beach Highway\inputs\reference\exterior_generated\Corner View 2.png,exterior_generated\Corner View 2.png,5322823,B03B63D88910AC9C38C7005DDAF91DAA34BD3C0610C9B096FA51F62D9700CFC0,2026-09-04,Generated exterior concept; not evidence
C:\Users\brian\Documents\Blender\Creepy Building Myrtle Beach Highway\inputs\reference\exterior_generated\Corner View.jpg,exterior_generated\Corner View.jpg,74230,CBD0B017FA503B1FA1F548102B26EB9FEAE3FDEDC106F14E97EA0457C1212F6C,2026-09-04,Generated exterior concept; not evidence
C:\Users\brian\Documents\Blender\Creepy Building Myrtle Beach Highway\inputs\reference\exterior_generated\Cross Section.png,exterior_generated\Cross Section.png,6647355,6F5E3265991820FB86539DD95B68FF06D5C44293B98E487472C881DFD8364921,2026-09-04,Generated exterior concept; not evidence
C:\Users\brian\Documents\Blender\Creepy Building Myrtle Beach Highway\inputs\reference\exterior_generated\Front Facing View.png,exterior_generated\Front Facing View.png,985801,1BDE791B3A4AF449A62F9A319C1A88823E031433DBFD04BB50C56AC2C4016C2A,2026-09-04,Generated exterior concept; not evidence
C:\Users\brian\Documents\Blender\Creepy Building Myrtle Beach Highway\inputs\reference\exterior_generated\Left Side Facing View.png,exterior_generated\Left Side Facing View.png,5368005,20D8D4C20F7E917BD9C444E38DA5A4E6777877CD3C26C7853FD89166C38A5D88,2026-09-04,Generated exterior concept; not evidence
C:\Users\brian\Documents\Blender\Creepy Building Myrtle Beach Highway\inputs\reference\exterior_generated\Right Side Facing View.png,exterior_generated\Right Side Facing View.png,1245965,76D649D1ABD8A91CA94F75095E39DA80921B84DA96B4C64A177514694ECF3CFA,2026-09-04,Generated exterior concept; not evidence
C:\Users\brian\Documents\Blender\Creepy Building Myrtle Beach Highway\inputs\reference\exterior_generated\Top Left Roof Angle View.png,exterior_generated\Top Left Roof Angle View.png,5803879,B1B33E1090CD56C487C585E8F462EF6ECE4B276BD14DE23B378D4AD02D2A76D2,2026-09-04,Generated exterior concept; not evidence
C:\Users\brian\Documents\Blender\Creepy Building Myrtle Beach Highway\inputs\reference\google_maps_images\Overhead -Screenshot 2026-01-02 152851.png,google_maps_images\Overhead -Screenshot 2026-01-02 152851.png,983653,BB6AD74815A50317F46C90374CCEA58680BD8DDAFDAE0D0F3CA822FCD83EED3E,2026-09-04,Photographic screenshot; see dossier for acquisition date
C:\Users\brian\Documents\Blender\Creepy Building Myrtle Beach Highway\inputs\reference\google_maps_images\Screenshot 2026-01-02 152452.png,google_maps_images\Screenshot 2026-01-02 152452.png,2923961,03D7D76FBFEF82FC04F8B92642754B072C7CF29F617994456694F832655BD61B,2026-09-04,Photographic screenshot; see dossier for acquisition date
C:\Users\brian\Documents\Blender\Creepy Building Myrtle Beach Highway\inputs\reference\google_maps_images\Screenshot 2026-01-02 152518.png,google_maps_images\Screenshot 2026-01-02 152518.png,3108186,85A338F98781C069BEA5912F9D2474C8A911C5CB54D433664B66373157CA5868,2026-09-04,Photographic screenshot; see dossier for acquisition date
C:\Users\brian\Documents\Blender\Creepy Building Myrtle Beach Highway\inputs\reference\google_maps_images\Screenshot 2026-01-02 152534.png,google_maps_images\Screenshot 2026-01-02 152534.png,1452631,F0CFEFC852415614F02F6C094BBFEA39E20B1E2D12DE0BF7E59D6D61CD86B02A,2026-09-04,Photographic screenshot; see dossier for acquisition date
C:\Users\brian\Documents\Blender\Creepy Building Myrtle Beach Highway\inputs\reference\google_maps_images\Screenshot 2026-01-02 152551.png,google_maps_images\Screenshot 2026-01-02 152551.png,2416879,D0B20DA871B9012F8EBAAFCE4EF1D87564DE6032C47CA1CE88FE555DA781A03D,2026-09-04,Photographic screenshot; see dossier for acquisition date
C:\Users\brian\Documents\Blender\Creepy Building Myrtle Beach Highway\inputs\reference\google_maps_images\Screenshot 2026-01-02 152613.png,google_maps_images\Screenshot 2026-01-02 152613.png,3888561,886FEC30DF114CC77D95C1FDEA89BD8F3E8D10768798D303C63A7418008A92D6,2026-09-04,Photographic screenshot; see dossier for acquisition date
C:\Users\brian\Documents\Blender\Creepy Building Myrtle Beach Highway\inputs\reference\google_maps_images\Screenshot 2026-01-02 152635.png,google_maps_images\Screenshot 2026-01-02 152635.png,3293681,6ED01FA56FD957136FFA2C12F37D84CF5D75043328EA024D2F7F9044B223E754,2026-09-04,Photographic screenshot; see dossier for acquisition date
C:\Users\brian\Documents\Blender\Creepy Building Myrtle Beach Highway\inputs\reference\google_maps_images\Screenshot 2026-01-02 152658.png,google_maps_images\Screenshot 2026-01-02 152658.png,2801847,0E836DD16263C86C89F442360797261D9383389D8801B29E0539D9DA7311CF02,2026-09-04,Photographic screenshot; see dossier for acquisition date
C:\Users\brian\Documents\Blender\Creepy Building Myrtle Beach Highway\inputs\reference\google_maps_images\Screenshot 2026-01-02 152753.png,google_maps_images\Screenshot 2026-01-02 152753.png,1184627,DC69369FB66C4509BFA7899543F060C97715145EA326AC66A4E711611D79DD8D,2026-09-04,Photographic screenshot; see dossier for acquisition date
C:\Users\brian\Documents\Blender\Creepy Building Myrtle Beach Highway\inputs\reference\interior_generated\unnamed.jpg,interior_generated\unnamed.jpg,38784,BC280A79711CB39FB9BB5958DD620350C58017F7ACD6B23A2271D65509081804,2026-09-04,Generated interior concept; not evidence
